bar,item,price
Lances Pub,KSA,5.19
Lances Pub,El Rojo,4.61
Lances Pub,Nonstop Hef Hop,5.36
Lances Pub,Agent a Deux,3.08
Lances Pub,Fire Eagle IPA,4.71
Lances Pub,Tomato Basil Soup,5.61
Lances Pub,Buffalo Wings,3.89
Lances Pub,El Rojo,4.61
Apple Blossom Brewing Company,Chips and Salsa,4.97
Apple Blossom Brewing Company,Gossamer Golden Ale,5.57
Apple Blossom Brewing Company,Cheeseburger,4.85
Apple Blossom Brewing Company,Akari Shogun American Wheat Ale,3.71
Apple Blossom Brewing Company,Forest Fire Imperial Smoked Rye,5.42
Grumpy's,Boy King,4.64
Grumpy's,Cape Cod Red,5.03
Grumpy's,Milk Mustachio Stout,6.36
Grumpy's,Boneless Wings,4.37
Grumpy's,Nordskye ,6.45
Grumpy's,Firefly Amber Ale,5.75
Grumpy's,Snake Dog IPA,6.64
Grumpy's,Jack the Sipper,6.15
Grumpy's,Yeti  Imperial Stout,6.72
Blackrock Brewers,Smoky Wheat,6.89
Blackrock Brewers,La Frontera Premium IPA,6.55
Blackrock Brewers,Boxer Light,4.81
Blackrock Brewers,French Onion Soup,6.13
Blackrock Brewers,Onion Rings,6.77
Blackrock Brewers,Osiris Pale Ale,6.78
Blackrock Brewers,Pulled Pork Sliders,6.83
Barley Brothers Brewery,Dottie Seattle Lager,6.08
Barley Brothers Brewery,Alaskan Amber,4.56
Barley Brothers Brewery,El Rojo,6.11
Barley Brothers Brewery,Garlic Bread,6.42
Barley Brothers Brewery,Jack Stout,6.63
Barley Brothers Brewery,Nordic Blonde,6.94
Barley Brothers Brewery,Occidental Altbier,6.98
Barley Brothers Brewery,KSA,6.74
Barley Brothers Brewery,Fries,6.39
Blue Palms Brewhouse,Coconut Shrimp,6.04
Blue Palms Brewhouse,Gose,6.62
Blue Palms Brewhouse,Spinach and Artichoke Dip,7.33
Blue Palms Brewhouse,Kale Salad,6.88
Blue Palms Brewhouse,Firefly Amber Ale,6.42
Blue Palms Brewhouse,Onion Rings,7.17
Blue Palms Brewhouse,Midnight Ryder,6.99
Blue Palms Brewhouse,Smooth Operator,7.3
Blue Palms Brewhouse,Abigale,3.4
Cismontane Brewing,Yellow Collar,7.52
Cismontane Brewing,Chicken Taco,6.07
Cismontane Brewing,Might As Well IPL,7.18
Cismontane Brewing,Hamburger,6.91
Cismontane Brewing,Hamburger,6.91
Brassfield Estate Winery,La Ferme Urbaine Farmhouse Ale,7.22
Brassfield Estate Winery,Coconut Shrimp,6.32
Brassfield Estate Winery,Tomato Basil Soup,7.64
Brassfield Estate Winery,Alaskan Amber,4.97
Brassfield Estate Winery,House Salad,7.06
Brassfield Estate Winery,Jade,7.15
Brassfield Estate Winery,KSA,7.2
Brassfield Estate Winery,Dottie Seattle Lager,6.53
Brassfield Estate Winery,Coconut Shrimp,6.32
Circle Bar,Paleo IPA,7.61
Circle Bar,Snaggletooth Double Pale Ale,7.71
Circle Bar,Fire Eagle IPA,6.8
Circle Bar,Smooth Operator,7.7
Circle Bar,Grilled Chicken Quesadilla,7.12
Circle Bar,Akari Shogun American Wheat Ale,4.91
Black Market Brewing Co,Sweet Potato Fries,7.85
Black Market Brewing Co,Spinach and Artichoke Dip,7.84
Black Market Brewing Co,Tomato Basil Soup,7.86
Black Market Brewing Co,Boxer Light,5.65
Black Market Brewing Co,Agent a Deux,4.56
Black Market Brewing Co,Kreamed Corn,7.41
Black Market Brewing Co,Lobster Bisque,7.47
Black Market Brewing Co,Grilled Cheese Trio,7.2
Central Coast Brewing,Redband Stout,7.88
Central Coast Brewing,KSA,7.52
Central Coast Brewing,Capital Gold Golden Lager,6.31
Central Coast Brewing,Akari Shogun American Wheat Ale,5.09
Central Coast Brewing,Forest Fire Imperial Smoked Rye,7.07
Central Coast Brewing,Paleo IPA,7.81
Central Coast Brewing,Graham Cracker Porter,7.26
Boulder Beer Tap House,Yellowfun Tempura Bites,8.07
Boulder Beer Tap House,Fried Calamari,7.23
Boulder Beer Tap House,Dottie Seattle Lager,6.93
Boulder Beer Tap House,Doomtree,6.87
Boulder Beer Tap House,Snake Dog IPA,8.01
Blue Moon Brewery At The Sandlot,Nachos,7.85
Blue Moon Brewery At The Sandlot,Milk Mustachio Stout,7.8
Blue Moon Brewery At The Sandlot,Might As Well IPL,7.79
Blue Moon Brewery At The Sandlot,Gose,7.38
Blue Moon Brewery At The Sandlot,Snake Dog IPA,8.09
Blue Moon Brewery At The Sandlot,Smoky Wheat,8.06
Blue Moon Brewery At The Sandlot,Red Water Irish Style Red,8.02
Gingerman The,Foreman,7.29
Gingerman The,Gran Met,7.52
Gingerman The,Capital Trail Pale Ale,6.6
Gingerman The,Kale Salad,7.72
Gingerman The,Nachos,7.92
Gingerman The,Jack Stout,7.65
Gingerman The,Beef Taco,5.63
Gingerman The,Occidental Altbier,8.0
Gingerman The,French Onion Soup,7.36
Capitol City Brewing Company,Onion Rings,8.08
Capitol City Brewing Company,Occidental Altbier,8.07
Capitol City Brewing Company,Agent a Deux,4.91
Capitol City Brewing Company,Milk Mustachio Stout,7.95
Capitol City Brewing Company,Abigale,4.0
Capitol City Brewing Company,Nordskye ,8.04
Capitol City Brewing Company,Snake Dog IPA,8.23
Capitol City Brewing Company,Chips and Salsa,6.9
Capitol City Brewing Company,Fries,7.48
Carney's Pub and Tavern,Jack the Sipper,7.8
Carney's Pub and Tavern,Forest Fire Imperial Smoked Rye,7.44
Carney's Pub and Tavern,Nonstop Hef Hop,8.07
Carney's Pub and Tavern,Hamburger,7.73
Carney's Pub and Tavern,Chicken Tortilla Soup,6.92
Carney's Pub and Tavern,Buffalo Wings,6.36
Carney's Pub and Tavern,Yellowfun Tempura Bites,8.36
Carney's Pub and Tavern,Alaskan Amber,5.62
Miller's Jacksonville Ale House,Boxer Ice,6.06
Miller's Jacksonville Ale House,Cape Cod Red,6.68
Miller's Jacksonville Ale House,Kale Salad,7.92
Miller's Jacksonville Ale House,Milkshake Stout,8.09
Miller's Jacksonville Ale House,Pale Dog,8.23
Miller's Jacksonville Ale House,Jack's Hard Cider,7.88
Miller's Jacksonville Ale House,House Salad,7.81
Miller's Jacksonville Ale House,Yellowstone Golden Ale,8.43
Mcguire's Irish Pub Brewery,Boxer Light,6.22
Mcguire's Irish Pub Brewery,Boneless Wings,6.0
Mcguire's Irish Pub Brewery,El Rojo,7.36
Mcguire's Irish Pub Brewery,KSA,8.01
Mcguire's Irish Pub Brewery,Snaggletooth Double Pale Ale,8.4
Mcguire's Irish Pub Brewery,Guacamole and Chips,7.83
Mcguire's Irish Pub Brewery,Sweet Potato Fries,8.44
Marsha's Tavern,La Frontera Premium IPA,8.09
Marsha's Tavern,Fried Calamari,7.69
Marsha's Tavern,Yeti  Imperial Stout,8.55
Marsha's Tavern,Smoky Wheat,8.44
Marsha's Tavern,Capital Gold Golden Lager,6.85
Marsha's Tavern,Boy King,6.37
Marsha's Tavern,Jack's Hard Cider,7.99
Miller's Pembroke Pines Ale House,Sweet Potato Fries,8.54
Miller's Pembroke Pines Ale House,Paleo IPA,8.41
Miller's Pembroke Pines Ale House,Yellow Wolf Imperial IPA,8.57
Miller's Pembroke Pines Ale House,House Salad,7.97
Miller's Pembroke Pines Ale House,Firefly Amber Ale,7.61
Miller's Pembroke Pines Ale House,Dolores River Pale Ale,7.34
Boar's Head Grill & Tavern,Cheese Pizza,7.05
Boar's Head Grill & Tavern,Mozarella Sticks,8.31
Boar's Head Grill & Tavern,Element 29,7.61
Boar's Head Grill & Tavern,El Rojo,7.52
Boar's Head Grill & Tavern,Osiris Pale Ale,8.43
Boar's Head Grill & Tavern,Guacamole and Chips,7.98
Boar's Head Grill & Tavern,Fried Calamari,7.79
Boar's Head Grill & Tavern,Chicken Tortilla Soup,7.19
Strawn Brewing Company,Capital Trail Pale Ale,7.05
Strawn Brewing Company,French Onion Soup,7.81
Strawn Brewing Company,Crab Cakes,7.4
Strawn Brewing Company,Fire Eagle IPA,7.68
Strawn Brewing Company,Snaggletooth Double Pale Ale,8.6
Twain's Billiards and Tap,Ahi Tune Bruschetta,5.57
Twain's Billiards and Tap,Midnight Ryder,8.33
Twain's Billiards and Tap,Smoky Wheat,8.63
Twain's Billiards and Tap,Coleslaw,7.4
Twain's Billiards and Tap,Graham Cracker Porter,7.99
Twain's Billiards and Tap,Pale Dog,8.53
Twain's Billiards and Tap,Boy King,6.55
Twain's Billiards and Tap,Guacamole and Chips,8.07
Little 5 Points Corner Tavern,Nordskye ,8.51
Little 5 Points Corner Tavern,Osiris Pale Ale,8.56
Little 5 Points Corner Tavern,Firefly Amber Ale,7.79
Little 5 Points Corner Tavern,Graham Cracker Porter,8.03
Little 5 Points Corner Tavern,Jack the Sipper,8.21
Little 5 Points Corner Tavern,Sweet Potato Fries,8.72
Gordon Biersch Brewery Restaurant,Yellowstone Golden Ale,8.82
Gordon Biersch Brewery Restaurant,Abigale,4.4
Gordon Biersch Brewery Restaurant,Hamburger,8.17
Gordon Biersch Brewery Restaurant,Capital Trail Pale Ale,7.17
Gordon Biersch Brewery Restaurant,Nordic Blonde,8.54
Gordon Biersch Brewery Restaurant,Yellow Wolf Imperial IPA,8.8
Gordon Biersch Brewery Restaurant,Jack Pine Savage,8.21
Gordon Biersch Brewery Restaurant,Hamburger,8.17
John Harvard's Brew House,Mozarella Sticks,8.52
John Harvard's Brew House,Nordic Blonde,8.58
John Harvard's Brew House,Coconut Shrimp,7.48
John Harvard's Brew House,Pulled Pork Sliders,8.69
John Harvard's Brew House,Osiris Pale Ale,8.64
John Harvard's Brew House,Nachos,8.54
John Harvard's Brew House,Paleo IPA,8.67
John Harvard's Brew House,Firefly Amber Ale,7.87
Kona Brewing Co & Brew Pub,Kale Salad,8.38
Kona Brewing Co & Brew Pub,El Steinber Dark Lager,7.8
Kona Brewing Co & Brew Pub,Foreman,7.94
Kona Brewing Co & Brew Pub,French Onion Soup,8.01
Kona Brewing Co & Brew Pub,Snaggletooth Double Pale Ale,8.81
Kona Brewing Co & Brew Pub,Capital Gold Golden Lager,7.2
Kona Brewing Co & Brew Pub,Smoky Wheat,8.79
Kona Brewing Co & Brew Pub,Yellowfun Tempura Bites,8.88
Kona Brewing Co & Brew Pub,Garlic Bread,8.08
Taps & Apps,Coconut Shrimp,7.56
Taps & Apps,French Onion Soup,8.05
Taps & Apps,Sweet Potato Fries,8.88
Taps & Apps,Nachos,8.61
Taps & Apps,Snaggletooth Double Pale Ale,8.85
Taps & Apps,Kreamed Corn,8.43
Maui Brewing Co. Brewpub,Pulled Pork Sliders,8.8
Maui Brewing Co. Brewpub,Pale Dog,8.76
Maui Brewing Co. Brewpub,Smoky Wheat,8.86
Maui Brewing Co. Brewpub,Foreman,8.01
Maui Brewing Co. Brewpub,Kale Salad,8.45
Maui Brewing Co. Brewpub,Smooth Operator,8.87
Maui Brewing Co. Brewpub,Garlic Bread,8.16
City Club Inn,Elder Betty,7.93
City Club Inn,Dottie Seattle Lager,7.84
City Club Inn,Yellow Collar,8.97
City Club Inn,Grilled Chicken Quesadilla,8.32
City Club Inn,El Steinber Dark Lager,7.9
City Club Inn,Gose,8.21
City Club Inn,Nonstop Hef Hop,8.69
City Club Inn,Fire Eagle IPA,7.99
Bobby's Sand Bar,Gose,8.24
Bobby's Sand Bar,Crab Cakes,7.74
Bobby's Sand Bar,Beef Taco,6.4
Bobby's Sand Bar,Buffalo Wings,7.01
Bobby's Sand Bar,Jade,8.5
Bobby's Sand Bar,Dos Pistolas,7.84
Carole's,Capital Gold Golden Lager,7.36
Carole's,Firefly Amber Ale,8.08
Carole's,Boneless Wings,6.56
Carole's,Jack Stout,8.48
Carole's,Onion Rings,8.84
Club 51,Fort Pitt Ale,8.19
Club 51,Fort Pitt Ale,8.19
Club 51,Boxer Light,6.81
Club 51,Yellow Wolf Imperial IPA,9.07
Club 51,Pretzels and Cheese Dip,8.92
Club 51,Nonstop Hef Hop,8.79
Club 51,Snaggletooth Double Pale Ale,9.01
Club 51,Fries,8.26
Beechwood Lounge,Milkshake Stout,8.78
Beechwood Lounge,Element 29,8.09
Beechwood Lounge,Crab Cakes,7.83
Beechwood Lounge,Jack's Hard Cider,8.57
Beechwood Lounge,KSA,8.64
Beechwood Lounge,Yellow Collar,9.09
Beechwood Lounge,Boy King,6.94
8th St Inn,Yellow Collar,9.12
8th St Inn,Dolores River Pale Ale,7.89
8th St Inn,Cheeseburger,7.61
8th St Inn,Boxer Ice,6.77
8th St Inn,Cape Cod Red,7.4
8th St Inn,El Rojo,8.03
Bent-rim The,Doomtree,7.96
Bent-rim The,Dottie Seattle Lager,8.02
Bent-rim The,Gran Met,8.46
Bent-rim The,Alaskan Amber,6.4
Bent-rim The,Forest Fire Imperial Smoked Rye,8.25
Bent-rim The,Hamburger,8.54
Sockeye Grill and Brewery,Boy King,7.02
Sockeye Grill and Brewery,Canyon Cream Ale,7.39
Sockeye Grill and Brewery,Yeti  Imperial Stout,9.22
Sockeye Grill and Brewery,Nordic Blonde,8.93
Sockeye Grill and Brewery,Boxer Light,6.93
Sockeye Grill and Brewery,Agent a Deux,5.75
Sockeye Grill and Brewery,Buffalo Wings,7.19
Sockeye Grill and Brewery,Caesar Salad,7.26
Sockeye Grill and Brewery,Akari Shogun American Wheat Ale,6.25
Firehouse Sports Pub,Cheese Pizza,7.64
Firehouse Sports Pub,Chicken Taco,7.73
Firehouse Sports Pub,Cape Cod Red,7.48
Firehouse Sports Pub,Onion Rings,9.01
Firehouse Sports Pub,Sweet Potato Fries,9.18
Firehouse Sports Pub,Jade,8.7
Firehouse Sports Pub,Caesar Salad,7.29
Firehouse Sports Pub,Hamburger,8.59
Firehouse Sports Pub,Jack Stout,8.65
A and P Bar and Grill,Gossamer Golden Ale,8.49
A and P Bar and Grill,Guacamole and Chips,8.6
A and P Bar and Grill,Capital Trail Pale Ale,7.61
A and P Bar and Grill,Lobster Bisque,8.82
A and P Bar and Grill,Buffalo Wings,7.24
Germantown Grille,Fort Pitt Ale,8.38
Germantown Grille,Tomato Basil Soup,9.24
Germantown Grille,Tomato Basil Soup,9.24
Germantown Grille,Kale Salad,8.77
Germantown Grille,Oberon,9.03
Germantown Grille,La Ferme Urbaine Farmhouse Ale,8.82
Germantown Grille,Foreman,8.33
City Limits Saloon & Grill,Smoky Wheat,9.2
City Limits Saloon & Grill,Element 29,8.27
City Limits Saloon & Grill,Jack's Hard Cider,8.76
City Limits Saloon & Grill,Capital Gold Golden Lager,7.61
City Limits Saloon & Grill,Fried Calamari,8.45
City Limits Saloon & Grill,French Onion Soup,8.43
Dry Hop Brewers,Gran Met,8.61
Dry Hop Brewers,Boxer Ice,6.95
Dry Hop Brewers,Yeti  Imperial Stout,9.34
Dry Hop Brewers,Fried Calamari,8.48
Dry Hop Brewers,Forest Fire Imperial Smoked Rye,8.4
Dry Hop Brewers,Chicken Taco,7.83
East Side Inc,Lobster Bisque,8.92
East Side Inc,Tomato Basil Soup,9.32
East Side Inc,Garlic Bread,8.55
East Side Inc,Bozone Hefe Weizen,7.26
East Side Inc,Graham Cracker Porter,8.61
Copper Dragon Brewing Co,Fries,8.55
Copper Dragon Brewing Co,Oberon,9.13
Copper Dragon Brewing Co,Onion Rings,9.16
Copper Dragon Brewing Co,Spinach and Artichoke Dip,9.32
Copper Dragon Brewing Co,Nonstop Hef Hop,9.08
Copper Dragon Brewing Co,Boxer Light,7.1
Copper Dragon Brewing Co,Gran Met,8.66
Copper Dragon Brewing Co,Capital Gold Golden Lager,7.68
Emmett's Tavern & Brewing Co,Yellowstone Golden Ale,9.4
Emmett's Tavern & Brewing Co,Element 29,8.37
Emmett's Tavern & Brewing Co,Grilled Chicken Quesadilla,8.72
Emmett's Tavern & Brewing Co,Mediterranean Hummus,8.98
Emmett's Tavern & Brewing Co,Paleo IPA,9.21
Emmett's Tavern & Brewing Co,Doomtree,8.18
Emmett's Tavern & Brewing Co,Coconut Shrimp,8.03
Emmett's Tavern & Brewing Co,Boneless Wings,6.9
Destihl Restaurant & Brew Works,Boneless Wings,6.92
Destihl Restaurant & Brew Works,Jade,8.89
Destihl Restaurant & Brew Works,Nachos,9.11
Destihl Restaurant & Brew Works,Alaskan Amber,6.64
Destihl Restaurant & Brew Works,Grilled Chicken Quesadilla,8.74
Destihl Restaurant & Brew Works,Spinach and Artichoke Dip,9.36
Destihl Restaurant & Brew Works,Yeti  Imperial Stout,9.43
Destihl Restaurant & Brew Works,Nordic Blonde,9.15
Emporium The,Foreman,8.49
Emporium The,Alaskan Amber,6.66
Emporium The,Dos Pistolas,8.25
Emporium The,Doomtree,8.22
Emporium The,Sweet Potato Fries,9.39
Emporium The,Grilled Cheese Trio,8.74
Emporium The,Boy King,7.26
Emporium The,Yellowstone Golden Ale,9.45
Brickstone Brewery,Boy King,7.28
Brickstone Brewery,Red Mountain Ale,9.32
Brickstone Brewery,Smoky Wheat,9.36
Brickstone Brewery,Garlic Bread,8.66
Brickstone Brewery,Yellowfun Tempura Bites,9.46
Brickstone Brewery,Agave Wheat,5.62
Brickstone Brewery,Midnight Ryder,9.06
Compa,KSA,9.0
Compa,Pretzels and Cheese Dip,9.31
Compa,Boxer Light,7.2
Compa,Smoky Wheat,9.38
Compa,Akari Shogun American Wheat Ale,6.52
Corner Pocket Tavern,KSA,9.02
Corner Pocket Tavern,Yellow Wolf Imperial IPA,9.49
Corner Pocket Tavern,Pale Dog,9.31
Corner Pocket Tavern,Bozone Hefe Weizen,7.41
Corner Pocket Tavern,Boxer Light,7.22
Corner Pocket Tavern,Kale Salad,8.99
Corner Pocket Tavern,Midwest Charm Farmhouse Ale,9.12
Corner Pocket Tavern,Nachos,9.19
Aj's Bar & Grill,Agave Wheat,5.67
Aj's Bar & Grill,Agent a Deux,6.06
Aj's Bar & Grill,Occidental Altbier,9.29
Aj's Bar & Grill,Abigale,5.03
Aj's Bar & Grill,Fries,8.7
Aj's Bar & Grill,Grilled Cheese Trio,8.83
Aj's Bar & Grill,Fort Pitt Ale,8.62
Aj's Bar & Grill,Boxer Ice,7.14
Aj's Bar & Grill,Tomato Basil Soup,9.49
Blue Lantern Steak & Seafood,Red Water Irish Style Red,9.41
Blue Lantern Steak & Seafood,Sweet Potato Fries,9.5
Blue Lantern Steak & Seafood,Doomtree,8.32
Blue Lantern Steak & Seafood,Dottie Seattle Lager,8.39
Blue Lantern Steak & Seafood,Snaggletooth Double Pale Ale,9.46
Blue Lantern Steak & Seafood,Boxer Light,7.26
Blue Lantern Steak & Seafood,Dolores River Pale Ale,8.29
Blue Lantern Steak & Seafood,Might As Well IPL,9.17
Bulldog Brewing Company,Pretzels and Cheese Dip,9.39
Bulldog Brewing Company,Snaggletooth Double Pale Ale,9.48
Bulldog Brewing Company,Grilled Cheese Trio,8.86
Bulldog Brewing Company,Jack the Sipper,9.0
Bulldog Brewing Company,Element 29,8.53
Bulldog Brewing Company,Cant Dog Imperial Pale Ale,7.68
Duffys Too Inc,Yellow Wolf Imperial IPA,9.56
Duffys Too Inc,Canyon Cream Ale,7.77
Duffys Too Inc,Fried Calamari,8.73
Duffys Too Inc,Onion Rings,9.36
Duffys Too Inc,Red Water Irish Style Red,9.44
Duffys Too Inc,La Ferme Urbaine Farmhouse Ale,9.12
Duffys Too Inc,Chicken Tortilla Soup,8.13
Bob's Tavern 19th Hole,Fried Calamari,8.75
Bob's Tavern 19th Hole,Jack's Hard Cider,9.05
Bob's Tavern 19th Hole,Beef Taco,6.97
Bob's Tavern 19th Hole,Gran Met,8.88
Bob's Tavern 19th Hole,French Onion Soup,8.72
Bob's Tavern 19th Hole,Kale Salad,9.09
Fat Cat Bar,El Rojo,8.49
Fat Cat Bar,Element 29,8.58
Fat Cat Bar,Gose,8.83
Fat Cat Bar,Boy King,7.43
Fat Cat Bar,Boxer Ice,7.23
Fat Cat Bar,Boxer Ice,7.23
Fat Cat Bar,Agent a Deux,6.15
Danny's Bar & Grill,Dolores River Pale Ale,8.38
Danny's Bar & Grill,Kreamed Corn,9.14
Danny's Bar & Grill,Agent a Deux,6.17
Danny's Bar & Grill,KSA,9.16
Danny's Bar & Grill,Mozarella Sticks,9.31
Danny's Bar & Grill,Abigale,5.13
Danny's Bar & Grill,Pale Dog,9.44
Danny's Bar & Grill,Element 29,8.6
Danny's Bar & Grill,Boxer Ice,7.25
The Blind Tiger Brewery,Jack Pine Savage,9.05
The Blind Tiger Brewery,Firefly Amber Ale,8.67
The Blind Tiger Brewery,Akari Shogun American Wheat Ale,6.69
The Blind Tiger Brewery,Yellowfun Tempura Bites,9.65
The Blind Tiger Brewery,Crab Cakes,8.36
The Blind Tiger Brewery,Crab Cakes,8.36
River City Brewery,Chips and Salsa,8.26
River City Brewery,Beef Taco,7.04
River City Brewery,Capital Trail Pale Ale,8.03
River City Brewery,Nooner,9.38
River City Brewery,Agent a Deux,6.2
River City Brewery,Doomtree,8.45
River City Brewery,Fried Calamari,8.82
Little Apple Brewing Co,Alaskan Amber,6.9
Little Apple Brewing Co,Cheese Pizza,8.09
Little Apple Brewing Co,Chips and Salsa,8.28
Little Apple Brewing Co,Gose,8.9
Little Apple Brewing Co,Milk Mustachio Stout,9.33
The Wheel,Boy King,7.52
The Wheel,Capital Gold Golden Lager,8.01
The Wheel,Jack's Hard Cider,9.16
The Wheel,Redacted Rye IPA,9.58
The Wheel,Tomato Basil Soup,9.67
The Wheel,Pretzels and Cheese Dip,9.53
The Wheel,El Steinber Dark Lager,8.61
The Wheel,Yellow Collar,9.68
The Wheel,Chicken Tortilla Soup,8.25
Willingers Beer Depot,Element 29,8.68
Willingers Beer Depot,Red Water Irish Style Red,9.58
Willingers Beer Depot,Beef Taco,7.08
Willingers Beer Depot,Paleo IPA,9.53
Willingers Beer Depot,El Rojo,8.6
Willingers Beer Depot,Cape Cod Red,7.97
Blue Stallion Brewing Co,El Rojo,8.61
Blue Stallion Brewing Co,Boxer Ice,7.35
Blue Stallion Brewing Co,Coconut Shrimp,8.37
Blue Stallion Brewing Co,Agent a Deux,6.27
Blue Stallion Brewing Co,Hamburger,9.1
Blue Stallion Brewing Co,Alaskan Amber,6.95
More Shenanigans,Tomato Basil Soup,9.71
More Shenanigans,Might As Well IPL,9.38
More Shenanigans,Nordskye ,9.49
More Shenanigans,Snaggletooth Double Pale Ale,9.67
More Shenanigans,Nordic Blonde,9.48
More Shenanigans,Lobster Bisque,9.32
More Shenanigans,Occidental Altbier,9.52
Chucks Lounge,Occidental Altbier,9.53
Chucks Lounge,Cheese Pizza,8.17
Chucks Lounge,Chicken Taco,8.27
Chucks Lounge,Boxer Light,7.48
Chucks Lounge,Redband Stout,9.65
Big Heads Tavern,Yellowfun Tempura Bites,9.78
Big Heads Tavern,Dottie Seattle Lager,8.63
Big Heads Tavern,Yellow Collar,9.75
Big Heads Tavern,Buffalo Wings,7.76
Big Heads Tavern,Kale Salad,9.27
Big Heads Tavern,Nachos,9.47
Big Heads Tavern,Forest Fire Imperial Smoked Rye,8.86
Big Heads Tavern,Chicken Taco,8.28
Big Heads Tavern,KSA,9.3
Beepster's Tavern,Crab Cakes,8.5
Beepster's Tavern,KSA,9.32
Beepster's Tavern,Abigale,5.28
Beepster's Tavern,Agave Wheat,5.93
Beepster's Tavern,El Steinber Dark Lager,8.7
Great Raft Brewing,Foreman,8.86
Great Raft Brewing,Midnight Ryder,9.41
Great Raft Brewing,Agave Wheat,5.95
Great Raft Brewing,Fort Pitt Ale,8.91
Great Raft Brewing,Pale Dog,9.61
Great Raft Brewing,Akari Shogun American Wheat Ale,6.84
Watch City Brewing Co,Pale Dog,9.63
Watch City Brewing Co,Canyon Cream Ale,8.01
Watch City Brewing Co,Graham Cracker Porter,9.09
Watch City Brewing Co,Cheeseburger,8.28
Watch City Brewing Co,French Onion Soup,8.95
Watch City Brewing Co,Yellowfun Tempura Bites,9.82
T J Sport House,Canyon Cream Ale,8.03
T J Sport House,Forest Fire Imperial Smoked Rye,8.91
T J Sport House,Cheeseburger,8.3
T J Sport House,Yeti  Imperial Stout,9.85
T J Sport House,Cheese Pizza,8.25
T J Sport House,Dolores River Pale Ale,8.58
T J Sport House,Dottie Seattle Lager,8.68
T J Sport House,Jack Stout,9.26
T J Sport House,French Onion Soup,8.96
Quencher Tavern The,Guacamole and Chips,9.2
Quencher Tavern The,Snake Dog IPA,9.79
Quencher Tavern The,Element 29,8.82
Quencher Tavern The,Jack the Sipper,9.29
Quencher Tavern The,Jade,9.32
Wild Goose Tavern,Hamburger,9.23
Wild Goose Tavern,Kale Salad,9.36
Wild Goose Tavern,Fort Pitt Ale,8.97
Wild Goose Tavern,Smoky Wheat,9.77
Wild Goose Tavern,Onion Rings,9.65
Wild Goose Tavern,Red Water Irish Style Red,9.73
Wild Goose Tavern,El Steinber Dark Lager,8.78
Gordon Biersch,Elder Betty,8.82
Gordon Biersch,Red Water Irish Style Red,9.75
Gordon Biersch,Coconut Shrimp,8.51
Gordon Biersch,Jack Stout,9.3
Gordon Biersch,Graham Cracker Porter,9.14
Gordon Biersch,Redband Stout,9.77
Growlers of Gaithersburg,Cheese Pizza,8.3
Growlers of Gaithersburg,Garlic Bread,9.09
Growlers of Gaithersburg,Jack the Sipper,9.33
Growlers of Gaithersburg,Kreamed Corn,9.4
Growlers of Gaithersburg,Mozarella Sticks,9.57
Growlers of Gaithersburg,Milk Mustachio Stout,9.54
Frisco Tap House & Brewery,Pretzels and Cheese Dip,9.74
Frisco Tap House & Brewery,Dolores River Pale Ale,8.65
Frisco Tap House & Brewery,Sweet Potato Fries,9.86
Frisco Tap House & Brewery,Coleslaw,8.58
Frisco Tap House & Brewery,Nooner,9.62
Frisco Tap House & Brewery,Caesar Salad,7.96
Frisco Tap House & Brewery,Cheese Pizza,8.32
Frisco Tap House & Brewery,Jack's Hard Cider,9.36
Eagles Nest,El Rojo,8.8
Eagles Nest,Fort Pitt Ale,9.02
Eagles Nest,El Steinber Dark Lager,8.83
Eagles Nest,Capital Trail Pale Ale,8.28
Eagles Nest,Tomato Basil Soup,9.89
Eagles Nest,Gran Met,9.2
Eagles Nest,Redacted Rye IPA,9.8
Eagles Nest,Snaggletooth Double Pale Ale,9.84
Eagles Nest,Occidental Altbier,9.69
Jesters,Jack's Hard Cider,9.39
Jesters,Canyon Cream Ale,8.12
Jesters,Snaggletooth Double Pale Ale,9.86
Jesters,Bozone Hefe Weizen,7.83
Jesters,Buffalo Wings,7.91
Jesters,Milk Mustachio Stout,9.58
Jesters,Nordskye ,9.68
Jesters,Nordic Blonde,9.66
Jesters,Kreamed Corn,9.44
Sunday River Brewing Co,Capital Trail Pale Ale,8.3
Sunday River Brewing Co,Capital Trail Pale Ale,8.3
Sunday River Brewing Co,Kreamed Corn,9.45
Sunday River Brewing Co,Capital Trail Pale Ale,8.3
Sunday River Brewing Co,Paleo IPA,9.76
Sunday River Brewing Co,KSA,9.47
Sunday River Brewing Co,Dos Pistolas,8.76
Pepino's Taco Stand,Garlic Bread,9.16
Pepino's Taco Stand,Midnight Ryder,9.56
Pepino's Taco Stand,Boxer Light,7.68
Pepino's Taco Stand,Boxer Ice,7.57
Pepino's Taco Stand,Jack Pine Savage,9.36
Pepino's Taco Stand,Kreamed Corn,9.46
Pepino's Taco Stand,Agent a Deux,6.49
Pepino's Taco Stand,Kale Salad,9.45
Pepino's Taco Stand,Foreman,9.01
Noodles & Company,Caesar Salad,8.03
Noodles & Company,Paleo IPA,9.79
Noodles & Company,Canyon Cream Ale,8.16
Noodles & Company,Spinach and Artichoke Dip,9.92
Noodles & Company,House Salad,9.35
Noodles & Company,Nordskye ,9.71
Noodles & Company,Onion Rings,9.75
Noodles & Company,Redband Stout,9.86
King Brewing Co,Mozarella Sticks,9.66
King Brewing Co,Nonstop Hef Hop,9.69
King Brewing Co,Boxer Light,7.7
King Brewing Co,Alaskan Amber,7.2
King Brewing Co,Ahi Tune Bruschetta,6.8
Kuhnhenn Brewing Co.,Dos Pistolas,8.81
Kuhnhenn Brewing Co.,Ahi Tune Bruschetta,6.81
Kuhnhenn Brewing Co.,Chicken Tortilla Soup,8.54
Kuhnhenn Brewing Co.,Jack the Sipper,9.43
Kuhnhenn Brewing Co.,Elder Betty,8.93
Kuhnhenn Brewing Co.,Yellow Collar,9.97
Kuhnhenn Brewing Co.,Boneless Wings,7.49
Kuhnhenn Brewing Co.,Kreamed Corn,9.5
Key Largo Lounge Inc,Dolores River Pale Ale,8.75
Key Largo Lounge Inc,Dolores River Pale Ale,8.75
Key Largo Lounge Inc,Element 29,8.98
Key Largo Lounge Inc,Sweet Potato Fries,9.96
Key Largo Lounge Inc,Pulled Pork Sliders,9.85
Key Largo Lounge Inc,Dottie Seattle Lager,8.85
Jolly Pumpkin Cafe & Brewery,Fire Eagle IPA,9.02
Jolly Pumpkin Cafe & Brewery,Fries,9.19
Jolly Pumpkin Cafe & Brewery,La Frontera Premium IPA,9.57
Jolly Pumpkin Cafe & Brewery,Element 29,8.99
Jolly Pumpkin Cafe & Brewery,Beef Taco,7.39
Jolly Pumpkin Cafe & Brewery,Nachos,9.71
Jolly Pumpkin Cafe & Brewery,Nooner,9.74
Jolly Pumpkin Cafe & Brewery,Elder Betty,8.96
Jolly Pumpkin Cafe & Brewery,Caesar Salad,8.07
Hoop N Holler Tavern,Nooner,9.75
Hoop N Holler Tavern,Ahi Tune Bruschetta,6.84
Hoop N Holler Tavern,Guacamole and Chips,9.38
Hoop N Holler Tavern,Kreamed Corn,9.54
Hoop N Holler Tavern,Grilled Cheese Trio,9.34
Hoop N Holler Tavern,House Salad,9.41
Hoop N Holler Tavern,Buffalo Wings,8.01
Jailhouse Bar,Kale Salad,9.53
Jailhouse Bar,Chicken Taco,8.55
Jailhouse Bar,Pulled Pork Sliders,9.89
Jailhouse Bar,Capital Trail Pale Ale,8.4
Jailhouse Bar,Mozarella Sticks,9.72
Jailhouse Bar,El Steinber Dark Lager,8.95
Steel Toe Brewing,Graham Cracker Porter,9.32
Steel Toe Brewing,Yellow Wolf Imperial IPA,10.04
Steel Toe Brewing,Jade,9.53
Steel Toe Brewing,Midwest Charm Farmhouse Ale,9.67
Steel Toe Brewing,Grilled Cheese Trio,9.36
Steel Toe Brewing,Gran Met,9.34
Lamplighter Family Sports Bar Grill,Dottie Seattle Lager,8.91
Lamplighter Family Sports Bar Grill,Agent a Deux,6.59
Lamplighter Family Sports Bar Grill,Bozone Hefe Weizen,7.97
Lamplighter Family Sports Bar Grill,La Ferme Urbaine Farmhouse Ale,9.61
Lamplighter Family Sports Bar Grill,Pulled Pork Sliders,9.91
Lamplighter Family Sports Bar Grill,Lobster Bisque,9.64
Lamplighter Family Sports Bar Grill,Elder Betty,9.01
Lamplighter Family Sports Bar Grill,Tomato Basil Soup,10.03
Flat Earth Brewery,Jack the Sipper,9.51
Flat Earth Brewery,KSA,9.6
Flat Earth Brewery,Abigale,5.54
Flat Earth Brewery,Capital Trail Pale Ale,8.44
Flat Earth Brewery,Capital Gold Golden Lager,8.38
Old Town Tavern,Agave Wheat,6.22
Old Town Tavern,Dolores River Pale Ale,8.83
Old Town Tavern,Yellowfun Tempura Bites,10.09
Old Town Tavern,Element 29,9.06
Old Town Tavern,Smooth Operator,10.0
Big Rip Brewing Company,Gossamer Golden Ale,9.34
Big Rip Brewing Company,Cheeseburger,8.56
Big Rip Brewing Company,Midwest Charm Farmhouse Ale,9.72
Big Rip Brewing Company,Doomtree,8.88
Big Rip Brewing Company,Chicken Tortilla Soup,8.65
Big Rip Brewing Company,El Steinber Dark Lager,9.01
Big Rip Brewing Company,Nooner,9.82
Earthbound Brewing,Capital Gold Golden Lager,8.42
Earthbound Brewing,Coleslaw,8.78
Earthbound Brewing,Snake Dog IPA,10.04
Earthbound Brewing,Nachos,9.8
Earthbound Brewing,Sweet Potato Fries,10.07
Earthbound Brewing,Yellowfun Tempura Bites,10.11
Earthbound Brewing,Jack the Sipper,9.55
Earthbound Brewing,Nooner,9.83
Earthbound Brewing,Agent a Deux,6.64
Chouteau Inn,Spinach and Artichoke Dip,10.07
Chouteau Inn,Boneless Wings,7.62
Chouteau Inn,Paleo IPA,9.94
Chouteau Inn,Akari Shogun American Wheat Ale,7.15
Chouteau Inn,Nachos,9.81
Chouteau Inn,Nooner,9.84
Chouteau Inn,Jade,9.59
Chouteau Inn,Foreman,9.17
Bickering Tree Lounge,Elder Betty,9.07
Bickering Tree Lounge,Yeti  Imperial Stout,10.15
Bickering Tree Lounge,Milkshake Stout,9.79
Bickering Tree Lounge,French Onion Soup,9.26
Bickering Tree Lounge,Jade,9.6
Bickering Tree Lounge,Dos Pistolas,8.95
Bickering Tree Lounge,Fire Eagle IPA,9.13
Dan Mcguinness Irish Pub,House Salad,9.53
Dan Mcguinness Irish Pub,El Rojo,9.02
Dan Mcguinness Irish Pub,Snaggletooth Double Pale Ale,10.07
Dan Mcguinness Irish Pub,Osiris Pale Ale,9.94
Dan Mcguinness Irish Pub,Grilled Chicken Quesadilla,9.47
Butte Brewing Company,Milkshake Stout,9.81
Butte Brewing Company,Boy King,7.97
Butte Brewing Company,El Steinber Dark Lager,9.06
Butte Brewing Company,Fries,9.33
Butte Brewing Company,Nordic Blonde,9.88
Gallicano's Pizzeria,Cant Dog Imperial Pale Ale,8.29
Gallicano's Pizzeria,Snaggletooth Double Pale Ale,10.09
Gallicano's Pizzeria,Elder Betty,9.1
Gallicano's Pizzeria,Kreamed Corn,9.67
Gallicano's Pizzeria,Agent a Deux,6.69
Gallicano's Pizzeria,Sweet Potato Fries,10.12
Blackfoot River Brewing Co,Kreamed Corn,9.68
Blackfoot River Brewing Co,Gossamer Golden Ale,9.41
Blackfoot River Brewing Co,Hamburger,9.54
Blackfoot River Brewing Co,Snake Dog IPA,10.11
Blackfoot River Brewing Co,Coconut Shrimp,8.81
Blackfoot River Brewing Co,Mediterranean Hummus,9.76
Blackfoot River Brewing Co,Pale Dog,9.98
Bridger Brewing,Gran Met,9.47
Bridger Brewing,Nachos,9.87
Bridger Brewing,Nordic Blonde,9.91
Bridger Brewing,Smoky Wheat,10.08
Bridger Brewing,Tomato Basil Soup,10.15
Bridger Brewing,KSA,9.71
Bridger Brewing,Akari Shogun American Wheat Ale,7.21
Bridger Brewing,Jack the Sipper,9.62
Bridger Brewing,Jack Pine Savage,9.59
Feruqi's,Beef Taco,7.56
Feruqi's,Grilled Chicken Quesadilla,9.52
Feruqi's,Gossamer Golden Ale,9.43
Feruqi's,Boxer Ice,7.81
Feruqi's,La Frontera Premium IPA,9.75
Feruqi's,Spinach and Artichoke Dip,10.14
Gold Bar Tavern,Gossamer Golden Ale,9.44
Gold Bar Tavern,Agave Wheat,6.33
Gold Bar Tavern,Alaskan Amber,7.42
Gold Bar Tavern,Yellowfun Tempura Bites,10.2
Gold Bar Tavern,Nonstop Hef Hop,9.91
Gold Bar Tavern,Yellowstone Golden Ale,10.21
Gold Bar Tavern,Midwest Charm Farmhouse Ale,9.82
Gold Bar Tavern,Osiris Pale Ale,10.0
Bowling's,Boxer Ice,7.83
Bowling's,Chicken Tortilla Soup,8.76
Bowling's,Cheese Pizza,8.62
Bowling's,Jack Stout,9.63
Bowling's,La Ferme Urbaine Farmhouse Ale,9.75
Bowling's,Kreamed Corn,9.72
Bowling's,Smooth Operator,10.13
Bowling's,Snaggletooth Double Pale Ale,10.14
C B S Distributing Inc,El Steinber Dark Lager,9.13
C B S Distributing Inc,Capital Trail Pale Ale,8.58
C B S Distributing Inc,Snake Dog IPA,10.16
C B S Distributing Inc,Coconut Shrimp,8.86
C B S Distributing Inc,Capital Gold Golden Lager,8.53
Bake Bottle & Brew,Jack's Hard Cider,9.69
Bake Bottle & Brew,Snake Dog IPA,10.17
Bake Bottle & Brew,Cheese Pizza,8.64
Bake Bottle & Brew,Occidental Altbier,10.0
Bake Bottle & Brew,Abigale,5.69
Bake Bottle & Brew,Chicken Tortilla Soup,8.78
Bake Bottle & Brew,Cant Dog Imperial Pale Ale,8.36
Independent Club,Occidental Altbier,10.01
Independent Club,Garlic Bread,9.44
Independent Club,Canyon Cream Ale,8.43
Independent Club,Gossamer Golden Ale,9.48
Independent Club,Gran Met,9.53
Getaway Lounge,Osiris Pale Ale,10.05
Getaway Lounge,Might As Well IPL,9.88
Getaway Lounge,Gran Met,9.54
Getaway Lounge,Gose,9.47
Getaway Lounge,Jack's Hard Cider,9.71
Brickway Brewery & Distillery,Chicken Taco,8.77
Brickway Brewery & Distillery,French Onion Soup,9.39
Brickway Brewery & Distillery,KSA,9.78
Brickway Brewery & Distillery,Red Water Irish Style Red,10.13
Brickway Brewery & Distillery,Milk Mustachio Stout,9.91
Brickway Brewery & Distillery,Fried Calamari,9.41
Brickway Brewery & Distillery,Hamburger,9.62
Brickway Brewery & Distillery,Abigale,5.72
Favorite Bar,Buffalo Wings,8.25
Favorite Bar,Forest Fire Imperial Smoked Rye,9.35
Favorite Bar,Coconut Shrimp,8.9
Favorite Bar,Redacted Rye IPA,10.15
Favorite Bar,Yellow Collar,10.25
Favorite Bar,Smooth Operator,10.18
Favorite Bar,Smooth Operator,10.18
Favorite Bar,Snaggletooth Double Pale Ale,10.19
Davey Tavern,Chicken Tortilla Soup,8.83
Davey Tavern,Osiris Pale Ale,10.07
Davey Tavern,Element 29,9.25
Davey Tavern,Onion Rings,10.06
Davey Tavern,Smooth Operator,10.19
Davey Tavern,Chicken Taco,8.78
Davey Tavern,Smooth Operator,10.19
Anchor Inn Patio Bar,Midwest Charm Farmhouse Ale,9.91
Anchor Inn Patio Bar,Cheeseburger,8.75
Anchor Inn Patio Bar,Nachos,9.98
Anchor Inn Patio Bar,Pulled Pork Sliders,10.13
Anchor Inn Patio Bar,Grilled Cheese Trio,9.59
Elm City Restaurant & Brewery,Boy King,8.11
Elm City Restaurant & Brewery,Snake Dog IPA,10.23
Elm City Restaurant & Brewery,Cape Cod Red,8.55
Elm City Restaurant & Brewery,Caesar Salad,8.35
Elm City Restaurant & Brewery,Grilled Chicken Quesadilla,9.62
From The Barrel Brewing Company Llc,Milkshake Stout,9.97
From The Barrel Brewing Company Llc,Yellowstone Golden Ale,10.31
From The Barrel Brewing Company Llc,Spinach and Artichoke Dip,10.25
From The Barrel Brewing Company Llc,El Rojo,9.19
From The Barrel Brewing Company Llc,Jack's Hard Cider,9.76
Taste of Europe,La Ferme Urbaine Farmhouse Ale,9.86
Taste of Europe,La Ferme Urbaine Farmhouse Ale,9.86
Taste of Europe,House Salad,9.7
Taste of Europe,Graham Cracker Porter,9.58
Taste of Europe,Chicken Taco,8.82
Taste of Europe,Snaggletooth Double Pale Ale,10.24
The Office Beer Bar & Grill,Fort Pitt Ale,9.43
The Office Beer Bar & Grill,Osiris Pale Ale,10.12
The Office Beer Bar & Grill,Cape Cod Red,8.57
The Office Beer Bar & Grill,Coconut Shrimp,8.96
The Office Beer Bar & Grill,Akari Shogun American Wheat Ale,7.35
The Office Beer Bar & Grill,Foreman,9.37
The Office Beer Bar & Grill,El Steinber Dark Lager,9.23
The Office Beer Bar & Grill,Elder Betty,9.26
B B Cafe,Fort Pitt Ale,9.43
B B Cafe,Forest Fire Imperial Smoked Rye,9.41
B B Cafe,Yellowfun Tempura Bites,10.33
B B Cafe,Guacamole and Chips,9.68
B B Cafe,Capital Gold Golden Lager,8.64
B B Cafe,Might As Well IPL,9.97
B B Cafe,Chips and Salsa,8.92
Timmy's Tavern,Hamburger,9.71
Timmy's Tavern,La Ferme Urbaine Farmhouse Ale,9.88
Timmy's Tavern,Boxer Light,8.06
Timmy's Tavern,Red Water Irish Style Red,10.21
Timmy's Tavern,Smooth Operator,10.25
Timmy's Tavern,Ahi Tune Bruschetta,7.15
Timmy's Tavern,Yellowfun Tempura Bites,10.34
Timmy's Tavern,Boneless Wings,7.84
Timmy's Tavern,Yeti  Imperial Stout,10.36
Three Rivers Eatery,Cheeseburger,8.81
Three Rivers Eatery,La Frontera Premium IPA,9.91
Three Rivers Eatery,Nonstop Hef Hop,10.05
Three Rivers Eatery,Osiris Pale Ale,10.14
Three Rivers Eatery,Foreman,9.4
Mine Shaft Tavern,Nooner,10.08
Mine Shaft Tavern,Yellowstone Golden Ale,10.37
Mine Shaft Tavern,Chicken Taco,8.86
Mine Shaft Tavern,Foreman,9.41
Mine Shaft Tavern,Nooner,10.08
Rio Grande Brewing Co,Jade,9.84
Rio Grande Brewing Co,Bozone Hefe Weizen,8.27
Rio Grande Brewing Co,Onion Rings,10.15
Rio Grande Brewing Co,Redband Stout,10.26
Rio Grande Brewing Co,Grilled Chicken Quesadilla,9.69
Rio Grande Brewing Co,Garlic Bread,9.56
Rio Grande Brewing Co,Abigale,5.82
Rio Grande Brewing Co,House Salad,9.75
Rio Grande Brewing Co,Paleo IPA,10.19
Marble Brewery Santa Fe Tap Room,Mozarella Sticks,10.05
Marble Brewery Santa Fe Tap Room,Snake Dog IPA,10.31
Marble Brewery Santa Fe Tap Room,Jack the Sipper,9.81
Marble Brewery Santa Fe Tap Room,Caesar Salad,8.43
Marble Brewery Santa Fe Tap Room,Dottie Seattle Lager,9.22
Marble Brewery Santa Fe Tap Room,Cape Cod Red,8.62
Marble Brewery Santa Fe Tap Room,House Salad,9.76
High Sierra Brewing Co,Mozarella Sticks,10.06
High Sierra Brewing Co,Tomato Basil Soup,10.35
High Sierra Brewing Co,Jack the Sipper,9.82
High Sierra Brewing Co,Chicken Tortilla Soup,8.93
High Sierra Brewing Co,Cheeseburger,8.84
High Sierra Brewing Co,Osiris Pale Ale,10.18
Fat Tuesdays,Fries,9.57
Fat Tuesdays,Smooth Operator,10.3
Fat Tuesdays,Grilled Chicken Quesadilla,9.72
Fat Tuesdays,Capital Trail Pale Ale,8.75
Fat Tuesdays,Coconut Shrimp,9.02
Fat Tuesdays,Boneless Wings,7.89
Chicago Brewing Company,Canyon Cream Ale,8.59
Chicago Brewing Company,Jack's Hard Cider,9.86
Chicago Brewing Company,Akari Shogun American Wheat Ale,7.43
Chicago Brewing Company,Snake Dog IPA,10.33
Chicago Brewing Company,Jade,9.87
Chicago Brewing Company,Mediterranean Hummus,9.99
Chicago Brewing Company,Midwest Charm Farmhouse Ale,10.02
Chicago Brewing Company,Mozarella Sticks,10.08
Chicago Brewing Company,Pretzels and Cheese Dip,10.23
Coopers Landing,Jade,9.88
Coopers Landing,Ahi Tune Bruschetta,7.22
Coopers Landing,Fire Eagle IPA,9.4
Coopers Landing,Foreman,9.46
Coopers Landing,Fries,9.58
Coopers Landing,Dolores River Pale Ale,9.15
Coopers Landing,El Rojo,9.29
Coopers Landing,Nooner,10.12
Crickett Tavern,Gossamer Golden Ale,9.66
Crickett Tavern,Agave Wheat,6.54
Crickett Tavern,House Salad,9.8
Crickett Tavern,Grilled Cheese Trio,9.72
Crickett Tavern,Boxer Light,8.13
Crickett Tavern,Alaskan Amber,7.63
Scuttlebutt Tavern,Fries,9.6
Scuttlebutt Tavern,Lobster Bisque,10.0
Scuttlebutt Tavern,Midwest Charm Farmhouse Ale,10.04
Scuttlebutt Tavern,La Frontera Premium IPA,9.98
Scuttlebutt Tavern,Forest Fire Imperial Smoked Rye,9.5
Rough Kutts,Sweet Potato Fries,10.39
Rough Kutts,Milkshake Stout,10.09
Rough Kutts,Oberon,10.19
Rough Kutts,Coleslaw,9.1
Rough Kutts,KSA,9.96
Rough Kutts,Jade,9.91
Rough Kutts,Redband Stout,10.32
Cooper's Tavern,Bozone Hefe Weizen,8.34
Cooper's Tavern,Bozone Hefe Weizen,8.34
Cooper's Tavern,Crab Cakes,9.15
Cooper's Tavern,Kale Salad,9.93
Cooper's Tavern,Nachos,10.13
Southampton Publick House,Gose,9.67
Southampton Publick House,Midnight Ryder,10.05
Southampton Publick House,Boxer Ice,8.06
Southampton Publick House,La Frontera Premium IPA,10.0
Southampton Publick House,Agave Wheat,6.57
Southampton Publick House,Kale Salad,9.94
Southampton Publick House,Grilled Chicken Quesadilla,9.77
Southampton Publick House,Pretzels and Cheese Dip,10.28
Scoreboard Saloon The,Smoky Wheat,10.36
Scoreboard Saloon The,Mediterranean Hummus,10.04
Scoreboard Saloon The,Cant Dog Imperial Pale Ale,8.58
Scoreboard Saloon The,Lobster Bisque,10.03
Scoreboard Saloon The,Red Water Irish Style Red,10.32
Scoreboard Saloon The,Capital Gold Golden Lager,8.76
Scoreboard Saloon The,Sweet Potato Fries,10.41
The Brewery Bar & Kitchen,Hamburger,9.83
The Brewery Bar & Kitchen,Boy King,8.28
The Brewery Bar & Kitchen,Yellow Collar,10.44
The Brewery Bar & Kitchen,KSA,9.99
The Brewery Bar & Kitchen,Occidental Altbier,10.23
Snidely's,Capital Gold Golden Lager,8.78
Snidely's,Beef Taco,7.83
Snidely's,Osiris Pale Ale,10.27
Snidely's,Lobster Bisque,10.04
Snidely's,Fort Pitt Ale,9.57
Snidely's,Yellowstone Golden Ale,10.48
Chic Lounge,Alaskan Amber,7.69
Chic Lounge,Agave Wheat,6.6
Chic Lounge,Forest Fire Imperial Smoked Rye,9.55
Chic Lounge,Yellow Collar,10.46
Chic Lounge,Fort Pitt Ale,9.58
Casa Montego Inc,House Salad,9.87
Casa Montego Inc,Cheese Pizza,8.9
Casa Montego Inc,French Onion Soup,9.61
Casa Montego Inc,Tomato Basil Soup,10.45
Casa Montego Inc,Mozarella Sticks,10.16
Casa Montego Inc,Cheeseburger,8.94
Costanzo's Lounge Restaurant,Firefly Amber Ale,9.52
Costanzo's Lounge Restaurant,Foreman,9.54
Costanzo's Lounge Restaurant,Milkshake Stout,10.15
Costanzo's Lounge Restaurant,Mozarella Sticks,10.17
Costanzo's Lounge Restaurant,Akari Shogun American Wheat Ale,7.52
Costanzo's Lounge Restaurant,Fire Eagle IPA,9.49
Costanzo's Lounge Restaurant,Firefly Amber Ale,9.52
Costanzo's Lounge Restaurant,Foreman,9.54
Avenue Pub,Grilled Chicken Quesadilla,9.83
Avenue Pub,Lobster Bisque,10.07
Avenue Pub,Pale Dog,10.31
Avenue Pub,Spinach and Artichoke Dip,10.45
Avenue Pub,Boxer Light,8.22
Avenue Pub,Yellowfun Tempura Bites,10.5
B Bg's,Yellow Wolf Imperial IPA,10.5
B Bg's,Buffalo Wings,8.49
B Bg's,Coconut Shrimp,9.14
B Bg's,Kale Salad,10.0
B Bg's,Kreamed Corn,10.01
B Bg's,Hamburger,9.87
Tavern The,Capital Trail Pale Ale,8.87
Tavern The,El Steinber Dark Lager,9.42
Tavern The,El Steinber Dark Lager,9.42
Tavern The,Nordic Blonde,10.25
Tavern The,Paleo IPA,10.33
Tavern The,Jack Stout,9.94
Martha's Tavern On Tenth,Might As Well IPL,10.15
Martha's Tavern On Tenth,Mediterranean Hummus,10.11
Martha's Tavern On Tenth,Fort Pitt Ale,9.62
Martha's Tavern On Tenth,Forest Fire Imperial Smoked Rye,9.6
Martha's Tavern On Tenth,Nonstop Hef Hop,10.23
Alibi Tavern,Capital Gold Golden Lager,8.83
Alibi Tavern,Occidental Altbier,10.3
Alibi Tavern,Bozone Hefe Weizen,8.43
Alibi Tavern,Onion Rings,10.31
Alibi Tavern,Pretzels and Cheese Dip,10.36
Alibi Tavern,La Frontera Premium IPA,10.09
Alibi Tavern,Cheeseburger,8.99
Buckhorn Tavern,Redacted Rye IPA,10.42
Buckhorn Tavern,Boy King,8.35
Buckhorn Tavern,Kreamed Corn,10.04
Buckhorn Tavern,Yellowstone Golden Ale,10.54
Buckhorn Tavern,Grilled Cheese Trio,9.84
Buckhorn Tavern,Jack the Sipper,9.97
Buckhorn Tavern,Ahi Tune Bruschetta,7.34
Buckhorn Tavern,Jack the Sipper,9.97
Buckhorn Tavern,Chicken Tortilla Soup,9.09
Checkered Flag Sports Bar,Pretzels and Cheese Dip,10.38
Checkered Flag Sports Bar,Snake Dog IPA,10.48
Checkered Flag Sports Bar,Doomtree,9.32
Checkered Flag Sports Bar,Yellowstone Golden Ale,10.55
Checkered Flag Sports Bar,Jack the Sipper,9.98
Checkered Flag Sports Bar,Kreamed Corn,10.05
Checkered Flag Sports Bar,Gossamer Golden Ale,9.79
Checkered Flag Sports Bar,Smooth Operator,10.46
Wilson Richard,Pretzels and Cheese Dip,10.38
Wilson Richard,House Salad,9.93
Wilson Richard,Chips and Salsa,9.14
Wilson Richard,Coleslaw,9.22
Wilson Richard,Milkshake Stout,10.21
Brick Tavern The,Agent a Deux,7.08
Brick Tavern The,Guacamole and Chips,9.9
Brick Tavern The,La Ferme Urbaine Farmhouse Ale,10.1
Brick Tavern The,La Ferme Urbaine Farmhouse Ale,10.1
Brick Tavern The,Spinach and Artichoke Dip,10.5
Brick Tavern The,Yellowstone Golden Ale,10.57
Blue Marble The,Yellow Collar,10.54
Blue Marble The,Jack Stout,9.98
Blue Marble The,Gossamer Golden Ale,9.81
Blue Marble The,Cheese Pizza,8.97
Blue Marble The,La Ferme Urbaine Farmhouse Ale,10.1
Blue Marble The,Pale Dog,10.37
Blue Marble The,Milk Mustachio Stout,10.21
Blue Marble The,Might As Well IPL,10.2
Christy's Tavern,Boneless Wings,8.07
Christy's Tavern,Fire Eagle IPA,9.57
Christy's Tavern,Redacted Rye IPA,10.45
Christy's Tavern,Bozone Hefe Weizen,8.47
Christy's Tavern,Caesar Salad,8.63
Christy's Tavern,Cheese Pizza,8.98
Christy's Tavern,Gose,9.79
Christy's Tavern,Crab Cakes,9.28
Christy's Tavern,Fort Pitt Ale,9.67
West Street Pub,Might As Well IPL,10.21
West Street Pub,Gran Met,9.86
West Street Pub,Jack Pine Savage,9.98
West Street Pub,Gran Met,9.86
West Street Pub,Sweet Potato Fries,10.53
West Street Pub,French Onion Soup,9.7
West Street Pub,Grilled Cheese Trio,9.88
West Street Pub,Fire Eagle IPA,9.57
Vega's Lounge,Agave Wheat,6.71
Vega's Lounge,Nachos,10.27
Vega's Lounge,Bozone Hefe Weizen,8.48
Vega's Lounge,Fried Calamari,9.74
Vega's Lounge,Osiris Pale Ale,10.38
Vega's Lounge,El Rojo,9.46
Vega's Lounge,Dottie Seattle Lager,9.43
Vega's Lounge,Fort Pitt Ale,9.69
Vega's Lounge,Boneless Wings,8.08
Voodoo Brewery,Boxer Light,8.31
Voodoo Brewery,El Steinber Dark Lager,9.5
Voodoo Brewery,Fort Pitt Ale,9.69
Voodoo Brewery,Beef Taco,7.95
Voodoo Brewery,Doomtree,9.37
Voodoo Brewery,Osiris Pale Ale,10.39
Voodoo Brewery,Elder Betty,9.53
Trinity Brewhouse,Dos Pistolas,9.41
Trinity Brewhouse,Grilled Cheese Trio,9.9
Trinity Brewhouse,Midwest Charm Farmhouse Ale,10.22
Trinity Brewhouse,Jack Pine Savage,10.0
Trinity Brewhouse,Onion Rings,10.38
Trinity Brewhouse,Hamburger,9.96
Trinity Brewhouse,Grilled Cheese Trio,9.9
Trinity Brewhouse,Dos Pistolas,9.41
Trinity Brewhouse,Crab Cakes,9.31
Boneyard Barbecue Saloon,Bozone Hefe Weizen,8.5
Boneyard Barbecue Saloon,Boneless Wings,8.1
Boneyard Barbecue Saloon,Grilled Chicken Quesadilla,9.93
Boneyard Barbecue Saloon,KSA,10.13
Boneyard Barbecue Saloon,Beef Taco,7.97
Boneyard Barbecue Saloon,Buffalo Wings,8.58
Boneyard Barbecue Saloon,Gose,9.82
Boneyard Barbecue Saloon,Pretzels and Cheese Dip,10.44
Boneyard Barbecue Saloon,Yeti  Imperial Stout,10.62
Pasc,Yellow Wolf Imperial IPA,10.6
Pasc,Abigale,6.06
Pasc,Abigale,6.06
Pasc,Abigale,6.06
Pasc,KSA,10.14
Pasc,Gran Met,9.9
Pasc,Agent a Deux,7.13
Pasc,Boxer Ice,8.22
Pasc,Nonstop Hef Hop,10.31
Coddington Brewing Co,Coconut Shrimp,9.25
Coddington Brewing Co,Yeti  Imperial Stout,10.64
Coddington Brewing Co,Spinach and Artichoke Dip,10.56
Coddington Brewing Co,Yellow Wolf Imperial IPA,10.61
Coddington Brewing Co,Kale Salad,10.11
Coddington Brewing Co,Buffalo Wings,8.6
Island Tap,Kreamed Corn,10.13
Island Tap,Jack Stout,10.04
Island Tap,Pretzels and Cheese Dip,10.46
Island Tap,Crab Cakes,9.33
Island Tap,El Rojo,9.5
Island Tap,Pretzels and Cheese Dip,10.46
Island Tap,Grilled Chicken Quesadilla,9.95
Island Tap,Milk Mustachio Stout,10.27
Island Tap,Guacamole and Chips,9.97
Rudys Beachside Bar,Pretzels and Cheese Dip,10.46
Rudys Beachside Bar,Mediterranean Hummus,10.22
Rudys Beachside Bar,Gran Met,9.92
Rudys Beachside Bar,El Steinber Dark Lager,9.54
Rudys Beachside Bar,Nooner,10.35
Rudys Beachside Bar,Jack's Hard Cider,10.09
Rudys Beachside Bar,Cheeseburger,9.09
Rudys Beachside Bar,Caesar Salad,8.68
Mr Dan's Subs Crossed Oras Tavern,Chicken Taco,9.14
Mr Dan's Subs Crossed Oras Tavern,Kreamed Corn,10.14
Mr Dan's Subs Crossed Oras Tavern,Jack the Sipper,10.08
Mr Dan's Subs Crossed Oras Tavern,Cant Dog Imperial Pale Ale,8.76
Mr Dan's Subs Crossed Oras Tavern,Snake Dog IPA,10.57
Mr Dan's Subs Crossed Oras Tavern,Crab Cakes,9.35
Mr Dan's Subs Crossed Oras Tavern,Agave Wheat,6.76
Seanachai Social Club,Occidental Altbier,10.41
Seanachai Social Club,Paleo IPA,10.46
Seanachai Social Club,Beef Taco,8.01
Seanachai Social Club,Ahi Tune Bruschetta,7.45
Seanachai Social Club,Doomtree,9.42
Seanachai Social Club,Redband Stout,10.53
Seanachai Social Club,Guacamole and Chips,9.99
Seanachai Social Club,Firefly Amber Ale,9.67
Silver Dollar 2.0,Spinach and Artichoke Dip,10.6
Silver Dollar 2.0,Redacted Rye IPA,10.53
Silver Dollar 2.0,Smooth Operator,10.56
Silver Dollar 2.0,Dottie Seattle Lager,9.5
Silver Dollar 2.0,Redband Stout,10.54
Silver Dollar 2.0,Gossamer Golden Ale,9.89
Growler Haus,Yellowstone Golden Ale,10.66
Growler Haus,Fort Pitt Ale,9.76
Growler Haus,Pretzels and Cheese Dip,10.49
Growler Haus,Red Mountain Ale,10.51
Growler Haus,Might As Well IPL,10.29
Naked Winery & Sick-n-twisted Brewing Company,Spinach and Artichoke Dip,10.61
Naked Winery & Sick-n-twisted Brewing Company,Dos Pistolas,9.48
Naked Winery & Sick-n-twisted Brewing Company,Fried Calamari,9.81
Naked Winery & Sick-n-twisted Brewing Company,Hamburger,10.03
Naked Winery & Sick-n-twisted Brewing Company,Alaskan Amber,7.87
Dempsey's Brewery Pub & Restaurant,House Salad,10.05
Dempsey's Brewery Pub & Restaurant,French Onion Soup,9.8
Dempsey's Brewery Pub & Restaurant,Elder Betty,9.61
Dempsey's Brewery Pub & Restaurant,Smoky Wheat,10.57
Dempsey's Brewery Pub & Restaurant,Nordic Blonde,10.4
Wooden Legs Brewing Company,Gossamer Golden Ale,9.92
Wooden Legs Brewing Company,El Steinber Dark Lager,9.59
Wooden Legs Brewing Company,El Rojo,9.55
Wooden Legs Brewing Company,Caesar Salad,8.73
Wooden Legs Brewing Company,Kreamed Corn,10.18
Wooden Legs Brewing Company,Bozone Hefe Weizen,8.58
Wooden Legs Brewing Company,Crab Cakes,9.38
Embers Tavern & Grille,Graham Cracker Porter,9.94
Embers Tavern & Grille,Sweet Potato Fries,10.64
Embers Tavern & Grille,Boneless Wings,8.18
Embers Tavern & Grille,Caesar Salad,8.73
Embers Tavern & Grille,Lobster Bisque,10.25
Corsair Artisan,Midnight Ryder,10.29
Corsair Artisan,Nonstop Hef Hop,10.39
Corsair Artisan,Agave Wheat,6.81
Corsair Artisan,House Salad,10.07
Corsair Artisan,Chicken Taco,9.19
Corsair Artisan,Dottie Seattle Lager,9.53
Broadway Brewhouse,Fort Pitt Ale,9.8
Broadway Brewhouse,Cheeseburger,9.15
Broadway Brewhouse,La Frontera Premium IPA,10.25
Broadway Brewhouse,Sweet Potato Fries,10.65
Broadway Brewhouse,Might As Well IPL,10.33
Broadway Brewhouse,Guacamole and Chips,10.04
Daiqui-ritas Bar and Lounge,Red Mountain Ale,10.55
Daiqui-ritas Bar and Lounge,Fries,9.87
Daiqui-ritas Bar and Lounge,Bozone Hefe Weizen,8.6
Daiqui-ritas Bar and Lounge,Hamburger,10.06
Daiqui-ritas Bar and Lounge,La Frontera Premium IPA,10.26
Daiqui-ritas Bar and Lounge,Chips and Salsa,9.29
Coppertank Brewery,Boxer Light,8.42
Coppertank Brewery,Boy King,8.52
Coppertank Brewery,Tomato Basil Soup,10.67
Coppertank Brewery,Kreamed Corn,10.21
Coppertank Brewery,Mozarella Sticks,10.38
Coppertank Brewery,Mediterranean Hummus,10.29
Coppertank Brewery,Capital Trail Pale Ale,9.06
Coppertank Brewery,Buffalo Wings,8.69
Bottom of The Hill,Paleo IPA,10.53
Bottom of The Hill,Elder Betty,9.65
Bottom of The Hill,Pulled Pork Sliders,10.56
Bottom of The Hill,Boneless Wings,8.21
Bottom of The Hill,Agave Wheat,6.83
Bottom of The Hill,Pretzels and Cheese Dip,10.54
Bottom of The Hill,Lobster Bisque,10.28
Bottom of The Hill,Guacamole and Chips,10.06
Bottom of The Hill,Cant Dog Imperial Pale Ale,8.83
Four Corners Brewing Co,La Frontera Premium IPA,10.27
Four Corners Brewing Co,Capital Gold Golden Lager,9.02
Four Corners Brewing Co,Fort Pitt Ale,9.82
Four Corners Brewing Co,Pulled Pork Sliders,10.56
Four Corners Brewing Co,French Onion Soup,9.84
Four Corners Brewing Co,Jack Stout,10.14
Four Corners Brewing Co,Foreman,9.77
Four Corners Brewing Co,Osiris Pale Ale,10.51
Four Corners Brewing Co,Canyon Cream Ale,8.9
Brew House,Milk Mustachio Stout,10.37
Brew House,Capital Trail Pale Ale,9.08
Brew House,Red Mountain Ale,10.58
Brew House,Cape Cod Red,8.97
Brew House,Yellowstone Golden Ale,10.73
Brew House,Yellow Wolf Imperial IPA,10.71
Brew House,Grilled Chicken Quesadilla,10.05
Brew House,Dolores River Pale Ale,9.47
Brew House,Guacamole and Chips,10.07
Brewery Tap,Onion Rings,10.51
Brewery Tap,Canyon Cream Ale,8.92
Brewery Tap,Doomtree,9.51
Brewery Tap,Red Water Irish Style Red,10.6
Brewery Tap,Buffalo Wings,8.71
Brewery Tap,Chicken Taco,9.23
Brewery Tap,Redacted Rye IPA,10.61
El Maton National Hall Tavern,Osiris Pale Ale,10.53
El Maton National Hall Tavern,Akari Shogun American Wheat Ale,7.76
El Maton National Hall Tavern,Yellowfun Tempura Bites,10.73
El Maton National Hall Tavern,Jack Stout,10.16
El Maton National Hall Tavern,Jack's Hard Cider,10.19
El Maton National Hall Tavern,Pale Dog,10.54
Roosters Brewing Co,Capital Gold Golden Lager,9.05
Roosters Brewing Co,Dolores River Pale Ale,9.49
Roosters Brewing Co,Midnight Ryder,10.34
Roosters Brewing Co,Ahi Tune Bruschetta,7.55
Roosters Brewing Co,Onion Rings,10.52
Roosters Brewing Co,Mozarella Sticks,10.42
Wing Nutz,Dos Pistolas,9.56
Wing Nutz,Garlic Bread,9.94
Wing Nutz,Graham Cracker Porter,10.01
Wing Nutz,Yellow Wolf Imperial IPA,10.73
Wing Nutz,Snaggletooth Double Pale Ale,10.67
Wing Nutz,Cheeseburger,9.2
Squatter's Pub Brewery,Coconut Shrimp,9.38
Squatter's Pub Brewery,Midnight Ryder,10.35
Squatter's Pub Brewery,Nooner,10.47
Squatter's Pub Brewery,Mediterranean Hummus,10.34
Squatter's Pub Brewery,Boneless Wings,8.25
Squatter's Pub Brewery,Nonstop Hef Hop,10.46
Commercial Taphouse Grill,Redband Stout,10.65
Commercial Taphouse Grill,Midwest Charm Farmhouse Ale,10.38
Commercial Taphouse Grill,Cant Dog Imperial Pale Ale,8.88
Commercial Taphouse Grill,Dolores River Pale Ale,9.5
Commercial Taphouse Grill,Capital Trail Pale Ale,9.12
Commercial Taphouse Grill,Paleo IPA,10.58
Commercial Taphouse Grill,Nooner,10.47
Adroit Theory Brewing Company,Smooth Operator,10.68
Adroit Theory Brewing Company,Redband Stout,10.65
Adroit Theory Brewing Company,Chicken Taco,9.27
Adroit Theory Brewing Company,Osiris Pale Ale,10.56
Adroit Theory Brewing Company,French Onion Soup,9.89
Adroit Theory Brewing Company,Jack's Hard Cider,10.22
Adroit Theory Brewing Company,Dos Pistolas,9.58
Adroit Theory Brewing Company,Yellow Collar,10.74
Adroit Theory Brewing Company,Paleo IPA,10.58
Caboose Brewing Company,Grilled Chicken Quesadilla,10.09
Caboose Brewing Company,Lobster Bisque,10.34
Caboose Brewing Company,Midnight Ryder,10.37
Caboose Brewing Company,Cheeseburger,9.23
Caboose Brewing Company,Kale Salad,10.26
Cassidy's Hilltop Tavern,Smooth Operator,10.69
Cassidy's Hilltop Tavern,Alaskan Amber,7.98
Cassidy's Hilltop Tavern,Capital Trail Pale Ale,9.13
Cassidy's Hilltop Tavern,Cheeseburger,9.23
Cassidy's Hilltop Tavern,Boneless Wings,8.27
Prohibition Pig Brewery,Spinach and Artichoke Dip,10.73
Prohibition Pig Brewery,El Steinber Dark Lager,9.69
Prohibition Pig Brewery,Forest Fire Imperial Smoked Rye,9.86
Prohibition Pig Brewery,Nordskye ,10.52
Prohibition Pig Brewery,Red Mountain Ale,10.64
Prohibition Pig Brewery,Pulled Pork Sliders,10.62
Rozzi's Lakeshore Tavern,Grilled Chicken Quesadilla,10.11
Rozzi's Lakeshore Tavern,Element 29,9.75
Rozzi's Lakeshore Tavern,Fried Calamari,9.94
Rozzi's Lakeshore Tavern,Jack Stout,10.21
Rozzi's Lakeshore Tavern,Nonstop Hef Hop,10.49
Rozzi's Lakeshore Tavern,Smooth Operator,10.7
Rozzi's Lakeshore Tavern,Yeti  Imperial Stout,10.8
Rozzi's Lakeshore Tavern,Kale Salad,10.28
Bobcat Cafe & Brewery,Nordic Blonde,10.52
Bobcat Cafe & Brewery,Grilled Cheese Trio,10.1
Bobcat Cafe & Brewery,KSA,10.32
Bobcat Cafe & Brewery,Alaskan Amber,8.0
Bobcat Cafe & Brewery,Akari Shogun American Wheat Ale,7.82
Bobcat Cafe & Brewery,Oberon,10.55
Bobcat Cafe & Brewery,Yellow Collar,10.77
Bobcat Cafe & Brewery,Jack the Sipper,10.23
Bobcat Cafe & Brewery,Capital Gold Golden Lager,9.1
3 Howls Distillery,Akari Shogun American Wheat Ale,7.82
3 Howls Distillery,Guacamole and Chips,10.14
3 Howls Distillery,Spinach and Artichoke Dip,10.74
3 Howls Distillery,Jade,10.27
3 Howls Distillery,Capital Gold Golden Lager,9.1
3 Howls Distillery,House Salad,10.18
Atwood's Tin Hat,Buffalo Wings,8.78
Atwood's Tin Hat,Nordskye ,10.55
Atwood's Tin Hat,Fort Pitt Ale,9.9
Atwood's Tin Hat,Canyon Cream Ale,8.99
Atwood's Tin Hat,Oberon,10.56
Atwood's Tin Hat,Redband Stout,10.69
Asgard Tavern,Paleo IPA,10.63
Asgard Tavern,Jack's Hard Cider,10.26
Asgard Tavern,Nordskye ,10.55
Asgard Tavern,Nonstop Hef Hop,10.51
Asgard Tavern,Red Mountain Ale,10.66
Asgard Tavern,La Frontera Premium IPA,10.36
Asgard Tavern,El Rojo,9.69
Asgard Tavern,Sweet Potato Fries,10.76
Asgard Tavern,Firefly Amber Ale,9.83
Bird's Basement Brewery,Jade,10.29
Bird's Basement Brewery,Pretzels and Cheese Dip,10.64
Bird's Basement Brewery,Snake Dog IPA,10.75
Bird's Basement Brewery,Yeti  Imperial Stout,10.83
Bird's Basement Brewery,Boy King,8.63
Bar and Grill Chippewa Falls,Jack Pine Savage,10.22
Bar and Grill Chippewa Falls,El Steinber Dark Lager,9.73
Bar and Grill Chippewa Falls,Beef Taco,8.18
Bar and Grill Chippewa Falls,Lobster Bisque,10.39
Bar and Grill Chippewa Falls,Nordskye ,10.56
Bar and Grill Chippewa Falls,Pale Dog,10.63
Bar and Grill Chippewa Falls,Yellowfun Tempura Bites,10.82
Bar and Grill Chippewa Falls,Boy King,8.63
Bar and Grill Chippewa Falls,Dottie Seattle Lager,9.67
Beechmoor Restaurant & Lounge,Capital Gold Golden Lager,9.13
Beechmoor Restaurant & Lounge,Boxer Light,8.54
Beechmoor Restaurant & Lounge,Buffalo Wings,8.8
Beechmoor Restaurant & Lounge,Paleo IPA,10.64
Beechmoor Restaurant & Lounge,Dottie Seattle Lager,9.67
Beechmoor Restaurant & Lounge,Dos Pistolas,9.64
Beechmoor Restaurant & Lounge,Boneless Wings,8.32
Borland's,Cheeseburger,9.29
Borland's,Grilled Cheese Trio,10.13
Borland's,Canyon Cream Ale,9.02
Borland's,Tomato Basil Soup,10.8
Borland's,Midwest Charm Farmhouse Ale,10.45
Borland's,Nachos,10.52
Borland's,Nordskye ,10.57
Borland's,House Salad,10.21
Golden Rail The,Graham Cracker Porter,10.1
Golden Rail The,Graham Cracker Porter,10.1
Golden Rail The,Crab Cakes,9.54
Golden Rail The,Doomtree,9.62
Golden Rail The,Redacted Rye IPA,10.71
Golden Rail The,Kale Salad,10.33
Golden Rail The,Lobster Bisque,10.41
Golden Rail The,Bozone Hefe Weizen,8.73
19th St Country Club,Yeti  Imperial Stout,10.86
19th St Country Club,Chicken Tortilla Soup,9.39
19th St Country Club,Smooth Operator,10.75
19th St Country Club,Onion Rings,10.62
19th St Country Club,Dolores River Pale Ale,9.59
19th St Country Club,El Rojo,9.72
19th St Country Club,Beef Taco,8.2
19th St Country Club,Milk Mustachio Stout,10.49
19th St Country Club,Kreamed Corn,10.35
The Sixth Pence Pub LLC,Fried Calamari,10.0
The Sixth Pence Pub LLC,Dolores River Pale Ale,9.59
The Sixth Pence Pub LLC,Akari Shogun American Wheat Ale,7.87
The Sixth Pence Pub LLC,Snake Dog IPA,10.78
The Sixth Pence Pub LLC,Nonstop Hef Hop,10.55
The Sixth Pence Pub LLC,Milkshake Stout,10.51
The Sixth Pence Pub LLC,Cheeseburger,9.3
The Sixth Pence Pub LLC,Guacamole and Chips,10.19
The Sixth Pence Pub LLC,Nonstop Hef Hop,10.55
5 Spot 3,Bozone Hefe Weizen,8.75
5 Spot 3,Fire Eagle IPA,9.85
5 Spot 3,Dos Pistolas,9.66
5 Spot 3,Smoky Wheat,10.75
5 Spot 3,Grilled Chicken Quesadilla,10.18
5 Spot 3,Red Mountain Ale,10.71
5 Spot 3,Fort Pitt Ale,9.95
Freedom Way Lounge,Redacted Rye IPA,10.73
Freedom Way Lounge,El Steinber Dark Lager,9.77
Freedom Way Lounge,Bozone Hefe Weizen,8.75
Freedom Way Lounge,Mediterranean Hummus,10.44
Freedom Way Lounge,El Steinber Dark Lager,9.77
Freedom Way Lounge,Guacamole and Chips,10.2
Freedom Way Lounge,Ahi Tune Bruschetta,7.66
R C Carryout R C Tavern,Boxer Ice,8.47
R C Carryout R C Tavern,Gossamer Golden Ale,10.1
R C Carryout R C Tavern,Cape Cod Red,9.11
R C Carryout R C Tavern,Canyon Cream Ale,9.05
R C Carryout R C Tavern,Jack the Sipper,10.3
R C Carryout R C Tavern,Jack's Hard Cider,10.32
R C Carryout R C Tavern,Boxer Ice,8.47
R C Carryout R C Tavern,Cape Cod Red,9.11
Firkin and Fox,Cheeseburger,9.32
Firkin and Fox,Capital Trail Pale Ale,9.22
Firkin and Fox,Canyon Cream Ale,9.05
Firkin and Fox,Red Mountain Ale,10.72
Firkin and Fox,Caesar Salad,8.92
Third Alarm Bar,Smooth Operator,10.78
Third Alarm Bar,Tomato Basil Soup,10.84
Third Alarm Bar,Crab Cakes,9.58
Third Alarm Bar,La Frontera Premium IPA,10.43
Third Alarm Bar,Dolores River Pale Ale,9.62
Third Alarm Bar,La Ferme Urbaine Farmhouse Ale,10.41
West Virginia Brewing Co,Cheese Pizza,9.29
West Virginia Brewing Co,Lobster Bisque,10.45
West Virginia Brewing Co,Fire Eagle IPA,9.87
West Virginia Brewing Co,Nonstop Hef Hop,10.58
West Virginia Brewing Co,Red Water Irish Style Red,10.74
West Virginia Brewing Co,Midnight Ryder,10.48
West Virginia Brewing Co,Garlic Bread,10.07
West Virginia Brewing Co,La Frontera Premium IPA,10.43
West Virginia Brewing Co,Chicken Taco,9.38
Broadway,Cheese Pizza,9.29
Broadway,Fries,10.06
Broadway,Caesar Salad,8.93
Broadway,Bozone Hefe Weizen,8.78
Broadway,Garlic Bread,10.08
Broadway,Firefly Amber Ale,9.9
Coal Creek Tap,Akari Shogun American Wheat Ale,7.91
Coal Creek Tap,Forest Fire Imperial Smoked Rye,9.96
Coal Creek Tap,Oberon,10.64
Coal Creek Tap,Gran Met,10.17
Coal Creek Tap,Yeti  Imperial Stout,10.9
Coal Creek Tap,Might As Well IPL,10.52
Coal Creek Tap,Foreman,9.94
Coal Creek Tap,Gossamer Golden Ale,10.13
